"ref","article_id","study_id","participant_id","effect_id","effect_size","outlier","cooks","cooks_flag","intrcpt","intrcpt.1","hatvalues","hat_flag"
"banks2021_s1",1,1,1,1,0.0937607008039959,"",2.46748601227652e-05,"",0.00496837090589101,"",0.00368670715059717,""
"banks2021_s1",1,1,1,2,0.0937607008039959,"",2.46748601227652e-05,"",0.00496837090589101,"",0.00368670715059716,""
"banks2021_s1",1,1,1,3,0.0237227112653377,"",1.7795290973013e-05,"",-0.00421719989231595,"",0.00369049420299242,""
"banks2021_s1",1,1,1,4,0.0237227112653377,"",1.7795290973013e-05,"",-0.00421719989231595,"",0.00369049420299242,""
"banks2021_s2",1,2,2,5,0.0314684149012287,"",3.62250732328899e-05,"",0.00601826138514394,"",0.00178923532355747,""
"banks2021_s2",1,2,2,6,0.0314684149012287,"",3.62250732328899e-05,"",0.00601826138514394,"",0.00178923532355747,""
"banks2021_s2",1,2,2,7,0.0314684149012287,"",3.62250732328899e-05,"",0.00601826138514394,"",0.00178923532355746,""
"banks2021_s2",1,2,2,8,0.0314684149012287,"",3.62250732328899e-05,"",0.00601826138514394,"",0.00178923532355747,""
"banks2021_s2",1,2,2,9,-0.201638369630979,"",3.83533476979403e-05,"",-0.0061925395485363,"",0.00178100618474801,""
"banks2021_s2",1,2,2,10,-0.201638369630979,"",3.83533476979403e-05,"",-0.0061925395485363,"",0.001781006184748,""
"banks2021_s2",1,2,2,11,-0.201638369630979,"",3.83533476979403e-05,"",-0.0061925395485363,"",0.00178100618474801,""
"banks2021_s2",1,2,2,12,-0.201638369630979,"",3.83533476979403e-05,"",-0.0061925395485363,"",0.001781006184748,""
"bigman2018_s3",2,3,3,13,-0.56610395478109,"TRUE",2.25525840747225e-07,"",-0.000474941115910737,"",0.000829744452177353,""
"bigman2018_s3",2,3,3,14,-0.56610395478109,"TRUE",2.25525840747225e-07,"",-0.000474941115910737,"",0.000829744452177304,""
"bigman2018_s3",2,3,3,15,-0.56610395478109,"TRUE",2.25525840747225e-07,"",-0.000474941115910737,"",0.0008297444521773,""
"bigman2018_s3",2,3,3,16,-0.56610395478109,"TRUE",2.25525840747225e-07,"",-0.000474941115910737,"",0.000829744452177304,""
"bigman2018_s3",2,3,3,17,-0.56610395478109,"TRUE",2.25525840747225e-07,"",-0.000474941115910737,"",0.000829744452177342,""
"bigman2018_s3",2,3,3,18,-0.56610395478109,"TRUE",2.25525840747225e-07,"",-0.000474941115910737,"",0.00082974445217735,""
"bigman2018_s3",2,3,3,19,-0.566709185933302,"TRUE",2.36988162320807e-07,"",-0.000486862208149885,"",0.000829676214887883,""
"bigman2018_s3",2,3,3,20,-0.566709185933302,"TRUE",2.36988162320807e-07,"",-0.000486862208149885,"",0.000829676214887888,""
"bigman2018_s3",2,3,3,21,-0.566709185933302,"TRUE",2.36988162320807e-07,"",-0.000486862208149885,"",0.00082967621488788,""
"bigman2018_s3",2,3,3,22,-0.566709185933302,"TRUE",2.36988162320807e-07,"",-0.000486862208149885,"",0.000829676214887886,""
"bigman2018_s3",2,3,3,23,-0.566709185933302,"TRUE",2.36988162320807e-07,"",-0.000486862208149885,"",0.000829676214887891,""
"bigman2018_s3",2,3,3,24,-0.566709185933302,"TRUE",2.36988162320807e-07,"",-0.000486862208149885,"",0.000829676214887888,""
"bigman2018_s3",2,3,3,25,-0.508963073708156,"TRUE",4.38612616606011e-07,"",0.000662181298415552,"",0.000835904337534194,""
"bigman2018_s3",2,3,3,26,-0.508963073708156,"TRUE",4.38612616606011e-07,"",0.000662181298415552,"",0.000835904337534199,""
"bigman2018_s3",2,3,3,27,-0.508963073708156,"TRUE",4.38612616606011e-07,"",0.000662181298415552,"",0.000835904337534201,""
"bigman2018_s3",2,3,3,28,-0.508963073708156,"TRUE",4.38612616606011e-07,"",0.000662181298415552,"",0.000835904337534213,""
"bigman2018_s3",2,3,3,29,-0.508963073708156,"TRUE",4.38612616606011e-07,"",0.000662181298415552,"",0.000835904337534206,""
"bigman2018_s3",2,3,3,30,-0.508963073708156,"TRUE",4.38612616606011e-07,"",0.000662181298415552,"",0.000835904337534218,""
"bigman2018_s4",2,4,4,31,-0.662390149611868,"TRUE",8.30022423324111e-11,"",-9.11055664229201e-06,"",0.000833299494844604,""
"bigman2018_s4",2,4,4,32,-0.662390149611868,"TRUE",8.30022423324111e-11,"",-9.11055664229201e-06,"",0.000833299494844604,""
"bigman2018_s4",2,4,4,33,-0.662390149611868,"TRUE",8.30022423324111e-11,"",-9.11055664229201e-06,"",0.000833299494844614,""
"bigman2018_s4",2,4,4,34,-0.662390149611868,"TRUE",8.30022423324111e-11,"",-9.11055664229201e-06,"",0.000833299494844603,""
"bigman2018_s4",2,4,4,35,-0.662390149611868,"TRUE",8.30022423324111e-11,"",-9.11055664229201e-06,"",0.000833299494844594,""
"bigman2018_s4",2,4,4,36,-0.662390149611868,"TRUE",8.30022423324111e-11,"",-9.11055664229201e-06,"",0.000833299494844592,""
"bigman2018_s4",2,4,4,37,-0.571443291250618,"TRUE",3.07314763441057e-06,"",0.00175216775378655,"",0.000844524542711275,""
"bigman2018_s4",2,4,4,38,-0.571443291250618,"TRUE",3.07314763441057e-06,"",0.00175216775378655,"",0.00084452454271127,""
"bigman2018_s4",2,4,4,39,-0.571443291250618,"TRUE",3.07314763441057e-06,"",0.00175216775378655,"",0.000844524542711291,""
"bigman2018_s4",2,4,4,40,-0.571443291250618,"TRUE",3.07314763441057e-06,"",0.00175216775378655,"",0.00084452454271129,""
"bigman2018_s4",2,4,4,41,-0.571443291250618,"TRUE",3.07314763441057e-06,"",0.00175216775378655,"",0.000844524542711275,""
"bigman2018_s4",2,4,4,42,-0.571443291250618,"TRUE",3.07314763441057e-06,"",0.00175216775378655,"",0.000844524542711285,""
"bigman2018_s4",2,4,4,43,-0.773467039761162,"TRUE",4.39728853675291e-06,"",-0.00209818171686207,"",0.000817849091449308,""
"bigman2018_s4",2,4,4,44,-0.773467039761162,"TRUE",4.39728853675291e-06,"",-0.00209818171686207,"",0.000817849091449322,""
"bigman2018_s4",2,4,4,45,-0.773467039761162,"TRUE",4.39728853675291e-06,"",-0.00209818171686207,"",0.000817849091449304,""
"bigman2018_s4",2,4,4,46,-0.773467039761162,"TRUE",4.39728853675291e-06,"",-0.00209818171686207,"",0.000817849091449314,""
"bigman2018_s4",2,4,4,47,-0.773467039761162,"TRUE",4.39728853675291e-06,"",-0.00209818171686207,"",0.000817849091449318,""
"bigman2018_s4",2,4,4,48,-0.773467039761162,"TRUE",4.39728853675291e-06,"",-0.00209818171686207,"",0.00081784909144931,""
"bigman2018_s5",2,5,5,49,-0.656519297761041,"TRUE",2.86579031258004e-08,"",-0.000169293763433854,"",0.000836381705051989,""
"bigman2018_s5",2,5,5,50,-0.656519297761041,"TRUE",2.86579031258004e-08,"",-0.000169293763433854,"",0.000836381705051995,""
"bigman2018_s5",2,5,5,51,-0.656519297761041,"TRUE",2.86579031258004e-08,"",-0.000169293763433854,"",0.000836381705052048,""
"bigman2018_s5",2,5,5,52,-0.656519297761041,"TRUE",2.86579031258004e-08,"",-0.000169293763433854,"",0.00083638170505204,""
"bigman2018_s5",2,5,5,53,-0.656519297761041,"TRUE",2.86579031258004e-08,"",-0.000169293763433854,"",0.000836381705052035,""
"bigman2018_s5",2,5,5,54,-0.656519297761041,"TRUE",2.86579031258004e-08,"",-0.000169293763433854,"",0.000836381705052056,""
"bigman2018_s5",2,5,5,55,-0.522093852178316,"TRUE",6.10960017532482e-06,"",0.00247008576853862,"",0.000852396330817779,""
"bigman2018_s5",2,5,5,56,-0.522093852178316,"TRUE",6.10960017532482e-06,"",0.00247008576853862,"",0.000852396330817779,""
"bigman2018_s5",2,5,5,57,-0.522093852178316,"TRUE",6.10960017532482e-06,"",0.00247008576853862,"",0.000852396330817725,""
"bigman2018_s5",2,5,5,58,-0.522093852178316,"TRUE",6.10960017532482e-06,"",0.00247008576853862,"",0.000852396330817746,""
"bigman2018_s5",2,5,5,59,-0.522093852178316,"TRUE",6.10960017532482e-06,"",0.00247008576853862,"",0.000852396330817751,""
"bigman2018_s5",2,5,5,60,-0.522093852178316,"TRUE",6.10960017532482e-06,"",0.00247008576853862,"",0.000852396330817738,""
"bigman2018_s5",2,5,5,61,-0.778974240885792,"TRUE",6.15835193059015e-06,"",-0.00248325483179933,"",0.000819303399643738,""
"bigman2018_s5",2,5,5,62,-0.778974240885792,"TRUE",6.15835193059015e-06,"",-0.00248325483179933,"",0.0008193033996437,""
"bigman2018_s5",2,5,5,63,-0.778974240885792,"TRUE",6.15835193059015e-06,"",-0.00248325483179933,"",0.000819303399643762,""
"bigman2018_s5",2,5,5,64,-0.778974240885792,"TRUE",6.15835193059015e-06,"",-0.00248325483179933,"",0.000819303399643731,""
"bigman2018_s5",2,5,5,65,-0.778974240885792,"TRUE",6.15835193059015e-06,"",-0.00248325483179933,"",0.000819303399643714,""
"bigman2018_s5",2,5,5,66,-0.778974240885792,"TRUE",6.15835193059015e-06,"",-0.00248325483179933,"",0.000819303399643738,""
"cassioli2023_s1",3,6,6,67,-1.07896455542267,"TRUE",0.025060972329421,"",-0.15990651355806,"",0.00637111177577479,""
"chu2023_s2",4,7,7,68,-0.0760146277084657,"",0.000125820769678728,"",-0.0112109230967323,"",0.00477943149160098,""
"chu2023_s2",4,7,8,69,0.046536162722539,"",4.41112274494196e-07,"",0.000664111447545801,"",0.00489381039029776,""
"chu2023_s2",4,7,9,70,0.513395208759261,"TRUE",0.000768288940362601,"",0.0278322809181306,"",0.00470318087777053,""
"chu2023_s2",4,7,7,71,0.013829853158954,"",2.89491518005393e-05,"",0.0053801694923426,"",0.00478276726902772,""
"chu2023_s2",4,7,8,72,-0.0902725529126173,"",0.000678142851403496,"",-0.0259969629268725,"",0.00489015676476584,""
"chu2023_s2",4,7,9,73,0.381951496338151,"TRUE",2.82357253582561e-06,"",0.00168051276028642,"",0.00477095153635582,""
"chu2023_s2",4,7,7,74,0.0231456347424626,"",5.02909961503465e-05,"",0.0070915070974001,"",0.00478256147198546,""
"chu2023_s2",4,7,8,75,0.183320938682202,"",0.000718201313058946,"",0.0268228790121738,"",0.00487467286772048,""
"chu2023_s2",4,7,9,76,0.305606467957376,"TRUE",0.000197560786727924,"",-0.01401990879757,"",0.00480181284052018,""
"he2024_s1",5,8,10,77,0.330275575675079,"",0.0112047653161881,"",0.105954304242152,"",0.00999379717281911,"TRUE"
"hidalgo2021_s1",6,9,11,78,0.318224770754728,"TRUE",0.0212163840246152,"",0.146236704673241,"",0.013922989541133,"TRUE"
"hidalgo2021_s1",6,9,12,79,-0.108936541064543,"",0.000335741067910476,"",-0.0181917238536609,"",0.0139139863690283,"TRUE"
"hristova2015_s1",7,10,13,80,0.48112129545334,"TRUE",0.0263604472438615,"",0.163635496361696,"",0.0108553808463172,"TRUE"
"hristova2015_s1",7,10,14,81,0.452178854424128,"TRUE",0.0235389728916808,"",0.154425099554117,"",0.0108654494435931,"TRUE"
"komatsu2017_s1",8,11,15,82,-0.198004830917754,"",0.000671643404471482,"",-0.0258237935650029,"",0.00713936576581685,""
"komatsu2017_s1",8,11,16,83,-0.239076048666464,"",0.00124520333817084,"",-0.0351625886848405,"",0.0075323533628979,""
"komatsu2021_s1",9,12,17,84,0.221055556452308,"",0.00938692830940477,"",0.0967639734388744,"",0.0127053401620561,"TRUE"
"komatsu2021_s2",9,13,18,85,0.201721052805558,"",0.009045017314183,"",0.0949372069398827,"",0.0133959518375847,"TRUE"
"komatsu2021_s3",9,14,19,86,-0.0441928327982351,"",2.26041882406477e-05,"",0.00472414414590038,"",0.0124064323917747,"TRUE"
"laakasuo2021_s1",10,15,20,87,0.0124612002812344,"",0.000938871818396885,"",-0.0305135292295651,"",0.00477091088870611,""
"laakasuo2021_s1",10,15,20,88,0.442275309446512,"",0.00603050148858262,"",0.0779064586607342,"",0.0061939147987826,""
"laakasuo2021_s1",10,15,21,89,-0.528794734912805,"",0.000738735019323683,"",-0.0272261520503326,"",0.00447384487870288,""
"laakasuo2021_s1",10,15,21,90,-0.452293743472508,"",0.000565019494721528,"",-0.0237896116965691,"",0.00594925759923869,""
"laakasuo2021_s2",10,16,22,91,-0.0597317999379393,"",0.0016409878276562,"",0.0403230939499816,"",0.00554675147323664,""
"laakasuo2021_s2",10,16,22,92,-0.453124234652062,"",0.00533938842490344,"",-0.0731552943620336,"",0.00730775088533748,""
"laakasuo2021_s2",10,16,23,93,-0.0406130953621578,"",0.000276696544758907,"",0.016616873600491,"",0.00555995980272548,""
"laakasuo2021_s2",10,16,23,94,-0.187609027983085,"",0.000732348399585695,"",-0.0270329470925997,"",0.00735603500763212,""
"laakasuo2023a_s1",11,17,24,95,-0.280580055576224,"",5.86770449287123e-05,"",-0.00765644907019212,"",0.00792211060301124,""
"laakasuo2023a_s1",11,17,24,96,-0.300116532259017,"",6.47609420614496e-05,"",-0.00804783350933845,"",0.00545586680862226,""
"laakasuo2023a_s1",11,17,25,97,0.0555904210128347,"",8.97731077840423e-05,"",-0.00946000005653076,"",0.00800369999785536,""
"laakasuo2023a_s1",11,17,25,98,0.150185058779842,"",0.000278283821542414,"",0.0166889108323368,"",0.00538535707799245,""
"laakasuo2023b_s2",12,18,26,99,-0.145480837517717,"",2.33403249335009e-06,"",-0.00152607919929096,"",0.00583885400495172,""
"laakasuo2023b_s2",12,18,27,100,0.280419358204077,"",0.00109159813725506,"",0.0330835591672252,"",0.00573799823119977,""
"laakasuo2023b_s2",12,18,26,101,-0.180590766681822,"",0.000101201704110453,"",-0.0100505122607809,"",0.00583057579425707,""
"laakasuo2023b_s2",12,18,27,102,0.150571695797656,"",4.23111636042234e-08,"",0.00020547918801752,"",0.00577743793530385,""
"laakasuo2023b_s3",12,19,28,103,-0.423627387220495,"TRUE",7.52260060826178e-06,"",0.00274064372210004,"",0.00726838533046376,""
"laakasuo2023b_s3",12,19,29,104,0.0551355827198284,"",0.000322818457285529,"",0.0179709116619976,"",0.00726885161049489,""
"laakasuo2023b_s3",12,19,28,105,-0.473027461314969,"TRUE",0.000178810961052131,"",-0.0133941258978801,"",0.00722926438171715,""
"laakasuo2023b_s3",12,19,29,106,-0.0368726730996078,"",0.000262137107437789,"",-0.0161750709204054,"",0.00727037656698168,""
"laakasuo2023b_s4",12,20,30,107,-0.448849181726868,"",0.00110476236202908,"",-0.0332881355705949,"",0.00590144208268998,""
"laakasuo2023b_s4",12,20,31,108,1.33352509100791,"TRUE",0.0246651909405032,"",0.161627907999063,"",0.00495729367389722,""
"laakasuo2023b_s4",12,20,32,109,-0.306414570073922,"",0.000558550312957883,"",-0.0236296065843432,"",0.0058351384104773,""
"laakasuo2023b_s4",12,20,30,110,-0.307885445293498,"",1.25307742812788e-07,"",0.000353564629642069,"",0.00597873145755918,""
"laakasuo2023b_s4",12,20,31,111,0.522100365769096,"",0.000973232579853714,"",-0.0309223759751314,"",0.00585930602248872,""
"laakasuo2023b_s4",12,20,32,112,-0.196785125437655,"",7.08902521311741e-06,"",0.00265905596410798,"",0.00587407476326307,""
"laakasuo2023b_s5",12,21,33,113,-0.098362992047172,"",0.00261484245123129,"",0.0508322551757814,"",0.00707173176467597,""
"laakasuo2023b_s5",12,21,34,114,0.293534084513494,"TRUE",6.63317583987846e-05,"",0.00814915833992485,"",0.00699509583310488,""
"laakasuo2023b_s5",12,21,33,115,-0.454054950199949,"TRUE",0.00396026688428617,"",-0.0630539403018579,"",0.00690242829978794,""
"laakasuo2023b_s5",12,21,34,116,0.303704991651506,"TRUE",0.0001412634764547,"",0.0118977974540211,"",0.00698984568378064,""
"malle2015_s1",13,22,35,117,0.173817476831963,"",0.00297028220674673,"",0.0543537006518404,"",0.0087510540985697,"TRUE"
"malle2015_s1",13,22,36,118,0.494360601666147,"",0.0144699497837674,"",0.120717067397271,"",0.0079884170232179,""
"malle2015_s2",13,23,37,119,1.04455701773149,"TRUE",0.0525347595063506,"",0.234118730677157,"",0.00748754388491558,""
"malle2015_s2",13,23,38,120,-0.533325748012295,"",0.0086920214530026,"",-0.0932290312181141,"",0.0077533985089445,""
"malle2016_s2",14,24,39,121,0.175145560984335,"",0.00783254312241916,"",0.0882684714402291,"",0.0139073133323072,"TRUE"
"malle2019_s1",15,25,40,122,-0.346570117851911,"",0.00710299153316103,"",-0.0840366953622172,"",0.0114553141128799,"TRUE"
"malle2019_s1",15,25,41,123,0.185129677125009,"",0.00636668388562072,"",0.0795912272275003,"",0.0120793830844773,"TRUE"
"malle2024_s2.1",16,26,42,124,0.130327963900259,"",0.00248293178016309,"",0.0496544482968642,"",0.00984425767005031,"TRUE"
"malle2024_s2.1",16,26,43,125,-0.179414772577131,"",0.00060642388278261,"",-0.0245285790790427,"",0.00781879253642084,""
"malle2024_s2.2",16,27,44,126,-0.0719308859383038,"",1.37063197289398e-05,"",-0.00368175976473723,"",0.0106030429412867,"TRUE"
"malle2024_s2.2",16,27,45,127,-0.210401256401063,"",0.00228958133556283,"",-0.0475848136854049,"",0.0121627236762291,"TRUE"
"malle2024_s2.2",16,27,46,128,0.0180779767980757,"",0.000296029940759313,"",0.017134458723597,"",0.00847168206705813,"TRUE"
"malle2024_s2.2",16,27,47,129,0.797728244627109,"",0.00487252502682327,"",0.0698842715775558,"",0.00305958441513408,""
"malle2024_s2.3",16,28,48,130,0.144780284541354,"",0.00330466951570666,"",0.0572918254965186,"",0.0105181715199978,"TRUE"
"malle2024_s2.3",16,28,49,131,-0.173286270188857,"",0.0015379856907365,"",-0.038967578055707,"",0.0131523303172777,"TRUE"
"malle2024_s2.3",16,28,50,132,0.035871439052208,"",0.000950899977031563,"",0.0306644084329003,"",0.0122303457786216,"TRUE"
"malle2024_s2.4",16,29,51,133,0.0450314586193227,"",0.00100925357345963,"",0.0316040787048259,"",0.0114895129189638,"TRUE"
"malle2024_s2.4",16,29,52,134,-0.162560611809695,"",0.00107350936555851,"",-0.0325678841294301,"",0.0120968639218574,"TRUE"
"malle2024_s2.4",16,29,53,135,0.067056748679063,"",0.00158575944865882,"",0.0396220393398675,"",0.0118446693724215,"TRUE"
"malle2024_s4.1",16,30,54,136,0.0252946508112949,"",0.000955553438386205,"",0.0307155308827981,"",0.013794046344843,"TRUE"
"malle2024_s4.3",16,31,55,137,-0.0296019049236349,"",0.000109263354932115,"",0.0103813728578297,"",0.0135587981682176,"TRUE"
"maninger2022_s2",17,32,56,138,-0.476520727236617,"TRUE",0.000247953283474871,"",-0.0157482589960872,"",0.00155301007001932,""
"maninger2022_s2",17,32,56,139,-0.0487580010250774,"",3.82042635629433e-06,"",0.00195450546250777,"",0.000962655383009836,""
"maninger2022_s2",17,32,56,140,0.0198056865596079,"",0.00274953893912742,"",0.0523053644842341,"",0.00743482133754555,""
"maninger2022_s2",17,32,56,141,-0.246584970756451,"",0.000529702860381629,"",-0.0230159520991102,"",0.00488747545464586,""
"mayer2023_s1",18,33,57,142,-0.66997349454213,"TRUE",0.0405497609605257,"",-0.204496978741176,"",0.013517193468001,"TRUE"
"mayer2023_s2",18,34,58,143,-0.474519148851665,"TRUE",0.0218876076575611,"",-0.14847281798552,"",0.0142390047075959,"TRUE"
"meder2019_s1",19,35,59,144,0.290587916158496,"TRUE",0.0195768310701424,"",0.140327746950255,"",0.0144482483308798,"TRUE"
"shank2019_s1",20,36,60,145,0.248152600575934,"",0.00870449639162496,"",0.0932162616456261,"",0.0111873035013115,"TRUE"
"soares2023_s1",21,37,61,146,0.113397546214017,"",0.000273275872972651,"",0.0165344862982672,"",0.00364022283052949,""
"soares2023_s1",21,37,61,147,0.113397546214017,"",0.000273275872972651,"",0.0165344862982672,"",0.00364022283052951,""
"soares2023_s1",21,37,62,148,0.00799898365013869,"",1.05623233423331e-05,"",0.00324992989786878,"",0.00363574581337058,""
"soares2023_s1",21,37,62,149,0.00799898365013869,"",1.05623233423331e-05,"",0.00324992989786878,"",0.00363574581337058,""
"soares2023_s1",21,37,61,150,-0.146313095914495,"",0.000266807037117444,"",-0.0163238483171191,"",0.0036495651840956,""
"soares2023_s1",21,37,61,151,-0.146313095914495,"",0.000266807037117444,"",-0.0163238483171191,"",0.0036495651840956,""
"soares2023_s1",21,37,62,152,-0.0402525272715393,"",8.043369129106e-06,"",-0.00283560136390426,"",0.00363503938828894,""
"soares2023_s1",21,37,62,153,-0.0402525272715393,"",8.043369129106e-06,"",-0.00283560136390426,"",0.00363503938828896,""
"sundvall2023_s1",22,38,63,154,-0.282557020351399,"",0.000197722603806534,"",-0.0140666444263513,"",0.0047234021273632,""
"sundvall2023_s1",22,38,63,155,-0.186517606645331,"",6.48320127685285e-06,"",0.00254533027236164,"",0.00474977463939047,""
"sundvall2023_s1",22,38,63,156,-0.162093207139271,"",4.59127006684088e-05,"",0.0067719649165685,"",0.00475479230178028,""
"sundvall2023_s2.1",22,39,64,157,-0.105110334298618,"",7.57035188513936e-07,"",0.000870049954519816,"",0.000615580171688909,""
"sundvall2023_s2.1",22,39,64,158,-0.10783366434821,"",7.19405505482877e-07,"",0.000848151211173303,"",0.000631552962421504,""
"sundvall2023_s2.1",22,39,64,159,-0.105110334298618,"",7.57034977512974e-07,"",0.000870049833116754,"",0.000615580171688899,""
"sundvall2023_s2.1",22,39,64,160,-0.10783366434821,"",7.1940498852428e-07,"",0.000848150906061745,"",0.000631552962421516,""
"sundvall2023_s2.1",22,39,64,161,-0.105110334298618,"",7.57034343618274e-07,"",0.000870049468394351,"",0.000615580171688925,""
"sundvall2023_s2.1",22,39,64,162,-0.10783366434821,"",7.19447467232612e-07,"",0.000848175976842663,"",0.000631552962421514,""
"sundvall2023_s2.1",22,39,64,163,-0.105110334298618,"",7.57035092990363e-07,"",0.00087004989955867,"",0.000615580171688922,""
"sundvall2023_s2.1",22,39,64,164,-0.10783366434821,"",7.19447467232612e-07,"",0.000848175976842663,"",0.000631552962421514,""
"sundvall2023_s2.1",22,39,64,165,-0.0411956947591293,"",3.65071569577728e-06,"",0.00191055910507951,"",0.000616297878863788,""
"sundvall2023_s2.1",22,39,64,166,-0.270490312626059,"",3.43950949756229e-06,"",-0.00185468641945681,"",0.000626741673643253,""
"sundvall2023_s2.1",22,39,64,167,-0.0411956947591293,"",3.65071569577865e-06,"",0.00191055910507987,"",0.000616297878863783,""
"sundvall2023_s2.1",22,39,64,168,-0.270490312626059,"",3.4395093302054e-06,"",-0.00185468637445617,"",0.000626741673643252,""
"sundvall2023_s2.1",22,39,64,169,-0.0411956947591293,"",3.65052259160678e-06,"",0.00191050843522686,"",0.00061629787886378,""
"sundvall2023_s2.1",22,39,64,170,-0.270490312626059,"",3.43950780993043e-06,"",-0.00185468596566968,"",0.000626741673643252,""
"sundvall2023_s2.1",22,39,64,171,-0.0411956947591293,"",3.65068062619449e-06,"",0.00191054990304385,"",0.000616297878863781,""
"sundvall2023_s2.1",22,39,64,172,-0.270490312626059,"",3.43950780993043e-06,"",-0.00185468596566968,"",0.000626741673643245,""
"sundvall2023_s2.1",22,39,64,173,-0.158572317388986,"",1.02024737543134e-12,"",1.01006843819707e-06,"",0.00061450136527075,""
"sundvall2023_s2.1",22,39,64,174,-0.27417192194961,"",3.66791874889555e-06,"",-0.00191528255319768,"",0.000626586126620808,""
"sundvall2023_s2.1",22,39,64,175,-0.158572317388986,"",1.02026825773996e-12,"",1.01007877514296e-06,"",0.000614501365270747,""
"sundvall2023_s2.1",22,39,64,176,-0.27417192194961,"",3.6677582378337e-06,"",-0.00191524076199008,"",0.000626586126620818,""
"sundvall2023_s2.1",22,39,64,177,-0.158572317388986,"",1.02026825846563e-12,"",1.01007877550217e-06,"",0.000614501365270751,""
"sundvall2023_s2.1",22,39,64,178,-0.27417192194961,"",3.6679178632556e-06,"",-0.00191528232261199,"",0.00062658612662081,""
"sundvall2023_s2.1",22,39,64,179,-0.158572317388986,"",1.03516395199767e-12,"",1.01742553293056e-06,"",0.000614501365270758,""
"sundvall2023_s2.1",22,39,64,180,-0.27417192194961,"",3.66791786325423e-06,"",-0.00191528232261163,"",0.000626586126620802,""
"sundvall2023_s2.2",22,40,65,181,-0.528983095651776,"TRUE",3.31605985914611e-05,"",-0.00575968066397197,"",0.000619868968858345,""
"sundvall2023_s2.2",22,40,65,182,-0.507869723634273,"TRUE",2.76793450163657e-05,"",-0.00526208845393252,"",0.000603205169512649,""
"sundvall2023_s2.2",22,40,65,183,-0.528983095651776,"TRUE",3.31605985914487e-05,"",-0.0057596806639709,"",0.000619868968858351,""
"sundvall2023_s2.2",22,40,65,184,-0.507869723634273,"TRUE",2.76794434615448e-05,"",-0.00526209774006684,"",0.000603205169512659,""
"sundvall2023_s2.2",22,40,65,185,-0.528983095651776,"TRUE",3.31606523343823e-05,"",-0.00575968529224098,"",0.00061986896885836,""
"sundvall2023_s2.2",22,40,65,186,-0.507869723634273,"TRUE",2.76793942848793e-05,"",-0.00526209310133363,"",0.000603205169512653,""
"sundvall2023_s2.2",22,40,65,187,-0.528983095651776,"TRUE",3.31606523419738e-05,"",-0.00575968529289439,"",0.000619868968858339,""
"sundvall2023_s2.2",22,40,65,188,-0.507869723634273,"TRUE",2.76794434733828e-05,"",-0.00526209774118335,"",0.000603205169512648,""
"sundvall2023_s2.2",22,40,65,189,0.14856608280973,"",2.98314050458714e-05,"",0.00546055540563476,"",0.000639775924484445,""
"sundvall2023_s2.2",22,40,65,190,0.0690495853800072,"",1.60771755144277e-05,"",0.00400896744316082,"",0.00062223322023244,""
"sundvall2023_s2.2",22,40,65,191,0.14856608280973,"",2.9831455917428e-05,"",0.00546056009834352,"",0.000639775924484445,""
"sundvall2023_s2.2",22,40,65,192,0.0690495853800072,"",1.60771384488573e-05,"",0.00400896279506148,"",0.00062223322023244,""
"sundvall2023_s2.2",22,40,65,193,0.14856608280973,"",2.98315576093901e-05,"",0.00546056947903118,"",0.000639775924484468,""
"sundvall2023_s2.2",22,40,65,194,0.0690495853800072,"",1.60771755210733e-05,"",0.00400896744399434,"",0.000622233220232428,""
"sundvall2023_s2.2",22,40,65,195,0.14856608280973,"",2.98315576093901e-05,"",0.00546056947903118,"",0.000639775924484463,""
"sundvall2023_s2.2",22,40,65,196,0.0690495853800072,"",1.60771384488458e-05,"",0.00400896279506005,"",0.00062223322023244,""
"sundvall2023_s2.2",22,40,65,197,-0.0847305925824759,"",2.38983125139432e-06,"",0.00154580860257165,"",0.000640965273855859,""
"sundvall2023_s2.2",22,40,65,198,-0.184572737114493,"",1.81471686865905e-08,"",-0.000134711427453615,"",0.000619969854699652,""
"sundvall2023_s2.2",22,40,65,199,-0.0847305925824759,"",2.38982853185841e-06,"",0.00154580772106708,"",0.000640965273855842,""
"sundvall2023_s2.2",22,40,65,200,-0.184572737114493,"",1.77841137998278e-08,"",-0.000133357353034854,"",0.000619969854699652,""
"sundvall2023_s2.2",22,40,65,201,-0.0847305925824759,"",2.38982732213712e-06,"",0.00154580732895041,"",0.000640965273855843,""
"sundvall2023_s2.2",22,40,65,202,-0.184572737114493,"",1.77840999470994e-08,"",-0.000133357301106308,"",0.000619969854699646,""
"sundvall2023_s2.2",22,40,65,203,-0.0847305925824759,"",2.39001091437411e-06,"",0.00154586683703835,"",0.000640965273855838,""
"sundvall2023_s2.2",22,40,65,204,-0.184572737114493,"",1.81471686868808e-08,"",-0.000134711427454692,"",0.000619969854699645,""
"sundvall2023_s2.3",22,41,66,205,0.00642360537401227,"",6.47696551957085e-08,"",0.000254500295451501,"",0.000635529966268291,""
"sundvall2023_s2.3",22,41,66,206,0.019991235220983,"",2.28985673559921e-07,"",0.000478530423036229,"",0.000618436485642296,""
"sundvall2023_s2.3",22,41,66,207,0.00642360537401227,"",6.47638556783887e-08,"",0.000254488896933878,"",0.000635529966268283,""
"sundvall2023_s2.3",22,41,66,208,0.019991235220983,"",2.28985785767727e-07,"",0.000478530540362488,"",0.000618436485642292,""
"sundvall2023_s2.3",22,41,66,209,0.00642360537401227,"",6.47638761041958e-08,"",0.000254488937080176,"",0.000635529966268346,""
"sundvall2023_s2.3",22,41,66,210,0.019991235220983,"",2.2898516943147e-07,"",0.000478529895911221,"",0.00061843648564231,""
"sundvall2023_s2.3",22,41,66,211,0.00642360537401227,"",6.47638742002174e-08,"",0.000254488933337964,"",0.00063552996626834,""
"sundvall2023_s2.3",22,41,66,212,0.019991235220983,"",2.28985586658218e-07,"",0.000478530332170412,"",0.000618436485642286,""
"sundvall2023_s2.3",22,41,66,213,-0.0168988933940144,"",2.38481149072935e-08,"",-0.000154427345954943,"",0.000635510559530144,""
"sundvall2023_s2.3",22,41,66,214,0.0266115388976759,"",3.49618750063704e-07,"",0.000591294987835765,"",0.000618412647332842,""
"sundvall2023_s2.3",22,41,66,215,-0.0168988933940144,"",2.38500574454651e-08,"",-0.00015443363382666,"",0.000635510559530124,""
"sundvall2023_s2.3",22,41,66,216,0.0266115388976759,"",3.49618644139084e-07,"",0.000591294898186182,"",0.00061841264733285,""
"sundvall2023_s2.3",22,41,66,217,-0.0168988933940144,"",2.38501245202955e-08,"",-0.000154433850939013,"",0.000635510559530103,""
"sundvall2023_s2.3",22,41,66,218,0.0266115388976759,"",3.49619153289104e-07,"",0.000591295329106481,"",0.00061841264733285,""
"sundvall2023_s2.3",22,41,66,219,-0.0168988933940144,"",2.3850980165693e-08,"",-0.000154436620523225,"",0.00063551055953013,""
"sundvall2023_s2.3",22,41,66,220,0.0266115388976759,"",3.49657391566919e-07,"",0.000591327691267531,"",0.000618412647332863,""
"sundvall2023_s2.3",22,41,66,221,0.0449781929452893,"",8.65026629220183e-07,"",0.000930091973095837,"",0.00063537257828604,""
"sundvall2023_s2.3",22,41,66,222,-0.129751525056048,"",4.2863215549763e-06,"",-0.00207020689741569,"",0.000617169117825563,""
"sundvall2023_s2.3",22,41,66,223,0.0449781929452893,"",8.64917013584313e-07,"",0.000930032961515777,"",0.000635372578286057,""
"sundvall2023_s2.3",22,41,66,224,-0.129751525056048,"",4.28631337830861e-06,"",-0.00207020492876195,"",0.00061716911782559,""
"sundvall2023_s2.3",22,41,66,225,0.0449781929452893,"",8.64919152150509e-07,"",0.000930034112848626,"",0.000635372578286039,""
"sundvall2023_s2.3",22,41,66,226,-0.129751525056048,"",4.286323300909e-06,"",-0.00207020731777454,"",0.000617169117825535,""
"sundvall2023_s2.3",22,41,66,227,0.0449781929452893,"",8.64919152149173e-07,"",0.000930034112847907,"",0.000635372578286017,""
"sundvall2023_s2.3",22,41,66,228,-0.129751525056048,"",4.28632306708919e-06,"",-0.00207020726147898,"",0.000617169117825536,""
"sundvall2023_s4.1",22,42,67,229,-0.238580648942658,"",6.6288127408618e-08,"",-0.000257468373306541,"",0.000419131094949222,""
"sundvall2023_s4.1",22,42,67,230,-0.238580648942658,"",6.6288127408618e-08,"",-0.000257468373306541,"",0.000419131094949251,""
"sundvall2023_s4.1",22,42,67,231,-0.238580648942658,"",6.6288127408618e-08,"",-0.000257468373306541,"",0.000419131094949211,""
"sundvall2023_s4.1",22,42,67,232,-0.238580648942658,"",6.6288127408618e-08,"",-0.000257468373306541,"",0.000419131094949008,""
"sundvall2023_s4.1",22,42,67,233,-0.238580648942658,"",6.6288127408618e-08,"",-0.000257468373306541,"",0.00041913109494916,""
"sundvall2023_s4.1",22,42,67,234,-0.238580648942658,"",6.6288127408618e-08,"",-0.000257468373306541,"",0.000419131094949324,""
"sundvall2023_s4.1",22,42,67,235,-0.238580648942658,"",6.6288127408618e-08,"",-0.000257468373306541,"",0.000419131094949202,""
"sundvall2023_s4.1",22,42,67,236,-0.238580648942658,"",6.6288127408618e-08,"",-0.000257468373306541,"",0.000419131094949122,""
"sundvall2023_s4.1",22,42,67,237,-0.238580648942658,"",6.6288127408618e-08,"",-0.000257468373306541,"",0.000419131094949382,""
"sundvall2023_s4.1",22,42,67,238,-0.238580648942658,"",6.6288127408618e-08,"",-0.000257468373306541,"",0.000419131094949382,""
"sundvall2023_s4.1",22,42,67,239,-0.238580648942658,"",6.6288127408618e-08,"",-0.000257468373306541,"",0.00041913109494934,""
"sundvall2023_s4.1",22,42,67,240,-0.238580648942658,"",6.6288127408618e-08,"",-0.000257468373306541,"",0.000419131094949394,""
"sundvall2023_s4.1",22,42,67,241,-0.19352365359205,"",5.1734171455189e-08,"",0.000227448552271205,"",0.000420146366786462,""
"sundvall2023_s4.1",22,42,67,242,-0.19352365359205,"",5.1734171455189e-08,"",0.000227448552271205,"",0.000420146366786428,""
"sundvall2023_s4.1",22,42,67,243,-0.19352365359205,"",5.1734171455189e-08,"",0.000227448552271205,"",0.000420146366786362,""
"sundvall2023_s4.1",22,42,67,244,-0.19352365359205,"",5.1734171455189e-08,"",0.000227448552271205,"",0.000420146366786428,""
"sundvall2023_s4.1",22,42,67,245,-0.19352365359205,"",5.1734171455189e-08,"",0.000227448552271205,"",0.000420146366786462,""
"sundvall2023_s4.1",22,42,67,246,-0.19352365359205,"",5.1734171455189e-08,"",0.000227448552271205,"",0.000420146366786322,""
"sundvall2023_s4.1",22,42,67,247,-0.19352365359205,"",5.1734171455189e-08,"",0.000227448552271205,"",0.00042014636678642,""
"sundvall2023_s4.1",22,42,67,248,-0.19352365359205,"",5.1734171455189e-08,"",0.000227448552271205,"",0.000420146366786441,""
"sundvall2023_s4.1",22,42,67,249,-0.19352365359205,"",5.1734171455189e-08,"",0.000227448552271205,"",0.000420146366786364,""
"sundvall2023_s4.1",22,42,67,250,-0.19352365359205,"",5.1734171455189e-08,"",0.000227448552271205,"",0.000420146366786354,""
"sundvall2023_s4.1",22,42,67,251,-0.19352365359205,"",5.1734171455189e-08,"",0.000227448552271205,"",0.000420146366786364,""
"sundvall2023_s4.1",22,42,67,252,-0.19352365359205,"",5.1734171455189e-08,"",0.000227448552271205,"",0.000420146366786413,""
"sundvall2023_s4.1",22,42,67,253,-0.212429240742148,"",6.15595154510493e-10,"",2.48111901066937e-05,"",0.00041974556138663,""
"sundvall2023_s4.1",22,42,67,254,-0.212429240742148,"",6.15595154510493e-10,"",2.48111901066937e-05,"",0.00041974556138662,""
"sundvall2023_s4.1",22,42,67,255,-0.212429240742148,"",6.15595154510493e-10,"",2.48111901066937e-05,"",0.000419745561386657,""
"sundvall2023_s4.1",22,42,67,256,-0.212429240742148,"",6.15595154510493e-10,"",2.48111901066937e-05,"",0.000419745561386666,""
"sundvall2023_s4.1",22,42,67,257,-0.212429240742148,"",6.15595154510493e-10,"",2.48111901066937e-05,"",0.00041974556138663,""
"sundvall2023_s4.1",22,42,67,258,-0.212429240742148,"",6.15595154510493e-10,"",2.48111901066937e-05,"",0.000419745561386638,""
"sundvall2023_s4.1",22,42,67,259,-0.212429240742148,"",6.15595154510493e-10,"",2.48111901066937e-05,"",0.00041974556138662,""
"sundvall2023_s4.1",22,42,67,260,-0.212429240742148,"",6.15595154510493e-10,"",2.48111901066937e-05,"",0.000419745561386596,""
"sundvall2023_s4.1",22,42,67,261,-0.212429240742148,"",6.15595154510493e-10,"",2.48111901066937e-05,"",0.000419745561386545,""
"sundvall2023_s4.1",22,42,67,262,-0.212429240742148,"",6.15595154510493e-10,"",2.48111901066937e-05,"",0.000419745561386661,""
"sundvall2023_s4.1",22,42,67,263,-0.212429240742148,"",6.15595154510493e-10,"",2.48111901066937e-05,"",0.0004197455613866,""
"sundvall2023_s4.1",22,42,67,264,-0.212429240742148,"",6.15595154510493e-10,"",2.48111901066937e-05,"",0.000419745561386541,""
"sundvall2023_s4.2",22,43,68,265,-0.358634845810035,"TRUE",1.27880782844182e-07,"",-0.000357617440694938,"",0.000418539738085068,""
"sundvall2023_s4.2",22,43,68,266,-0.358634845810035,"TRUE",1.27880782844182e-07,"",-0.000357617440694938,"",0.00041853973808512,""
"sundvall2023_s4.2",22,43,68,267,-0.358634845810035,"TRUE",1.27880782844182e-07,"",-0.000357617440694938,"",0.000418539738085111,""
"sundvall2023_s4.2",22,43,68,268,-0.358634845810035,"TRUE",1.27880782844182e-07,"",-0.000357617440694938,"",0.000418539738085157,""
"sundvall2023_s4.2",22,43,68,269,-0.358634845810035,"TRUE",1.27880782844182e-07,"",-0.000357617440694938,"",0.000418539738085353,""
"sundvall2023_s4.2",22,43,68,270,-0.358634845810035,"TRUE",1.27880782844182e-07,"",-0.000357617440694938,"",0.000418539738085287,""
"sundvall2023_s4.2",22,43,68,271,-0.358634845810035,"TRUE",1.27880782844182e-07,"",-0.000357617440694938,"",0.000418539738085406,""
"sundvall2023_s4.2",22,43,68,272,-0.358634845810035,"TRUE",1.27880782844182e-07,"",-0.000357617440694938,"",0.000418539738085329,""
"sundvall2023_s4.2",22,43,68,273,-0.358634845810035,"TRUE",1.27880782844182e-07,"",-0.000357617440694938,"",0.000418539738085125,""
"sundvall2023_s4.2",22,43,68,274,-0.358634845810035,"TRUE",1.27880782844182e-07,"",-0.000357617440694938,"",0.000418539738085092,""
"sundvall2023_s4.2",22,43,68,275,-0.358634845810035,"TRUE",1.27880782844182e-07,"",-0.000357617440694938,"",0.000418539738085092,""
"sundvall2023_s4.2",22,43,68,276,-0.358634845810035,"TRUE",1.27880782844182e-07,"",-0.000357617440694938,"",0.000418539738085135,""
"sundvall2023_s4.2",22,43,68,277,-0.252654538839211,"",5.62207239746359e-07,"",0.000749745627699847,"",0.00042190214873084,""
"sundvall2023_s4.2",22,43,68,278,-0.252654538839211,"",5.62207239746359e-07,"",0.000749745627699847,"",0.000421902148730851,""
"sundvall2023_s4.2",22,43,68,279,-0.252654538839211,"",5.62207239746359e-07,"",0.000749745627699847,"",0.00042190214873084,""
"sundvall2023_s4.2",22,43,68,280,-0.252654538839211,"",5.62207239746359e-07,"",0.000749745627699847,"",0.000421902148730785,""
"sundvall2023_s4.2",22,43,68,281,-0.252654538839211,"",5.62207239746359e-07,"",0.000749745627699847,"",0.00042190214873084,""
"sundvall2023_s4.2",22,43,68,282,-0.252654538839211,"",5.62207239746359e-07,"",0.000749745627699847,"",0.000421902148730814,""
"sundvall2023_s4.2",22,43,68,283,-0.252654538839211,"",5.62207239746359e-07,"",0.000749745627699847,"",0.000421902148730814,""
"sundvall2023_s4.2",22,43,68,284,-0.252654538839211,"",5.62207239746359e-07,"",0.000749745627699847,"",0.000421902148730828,""
"sundvall2023_s4.2",22,43,68,285,-0.252654538839211,"",5.62207239746359e-07,"",0.000749745627699847,"",0.000421902148730836,""
"sundvall2023_s4.2",22,43,68,286,-0.252654538839211,"",5.62207239746359e-07,"",0.000749745627699847,"",0.000421902148730812,""
"sundvall2023_s4.2",22,43,68,287,-0.252654538839211,"",5.62207239746359e-07,"",0.000749745627699847,"",0.00042190214873079,""
"sundvall2023_s4.2",22,43,68,288,-0.252654538839211,"",5.62207239746359e-07,"",0.000749745627699847,"",0.000421902148730769,""
"sundvall2023_s4.2",22,43,68,289,-0.36311810208602,"TRUE",1.63264878776314e-07,"",-0.000404077362942634,"",0.000418373200226543,""
"sundvall2023_s4.2",22,43,68,290,-0.36311810208602,"TRUE",1.63264878776314e-07,"",-0.000404077362942634,"",0.000418373200226701,""
"sundvall2023_s4.2",22,43,68,291,-0.36311810208602,"TRUE",1.63264878776314e-07,"",-0.000404077362942634,"",0.000418373200226659,""
"sundvall2023_s4.2",22,43,68,292,-0.36311810208602,"TRUE",1.63264878776314e-07,"",-0.000404077362942634,"",0.000418373200226701,""
"sundvall2023_s4.2",22,43,68,293,-0.36311810208602,"TRUE",1.63264878776314e-07,"",-0.000404077362942634,"",0.00041837320022667,""
"sundvall2023_s4.2",22,43,68,294,-0.36311810208602,"TRUE",1.63264878776314e-07,"",-0.000404077362942634,"",0.000418373200226628,""
"sundvall2023_s4.2",22,43,68,295,-0.36311810208602,"TRUE",1.63264878776314e-07,"",-0.000404077362942634,"",0.00041837320022667,""
"sundvall2023_s4.2",22,43,68,296,-0.36311810208602,"TRUE",1.63264878776314e-07,"",-0.000404077362942634,"",0.000418373200226627,""
"sundvall2023_s4.2",22,43,68,297,-0.36311810208602,"TRUE",1.63264878776314e-07,"",-0.000404077362942634,"",0.000418373200226591,""
"sundvall2023_s4.2",22,43,68,298,-0.36311810208602,"TRUE",1.63264878776314e-07,"",-0.000404077362942634,"",0.000418373200226677,""
"sundvall2023_s4.2",22,43,68,299,-0.36311810208602,"TRUE",1.63264878776314e-07,"",-0.000404077362942634,"",0.000418373200226681,""
"sundvall2023_s4.2",22,43,68,300,-0.36311810208602,"TRUE",1.63264878776314e-07,"",-0.000404077362942634,"",0.000418373200226641,""
"sundvall2023_s5",22,44,69,301,-0.26137420102488,"",3.11762207032953e-08,"",-0.000176569968959081,"",0.000419265947868896,""
"sundvall2023_s5",22,44,69,302,-0.26137420102488,"",3.11762207032953e-08,"",-0.000176569968959081,"",0.000419265947869087,""
"sundvall2023_s5",22,44,69,303,-0.26137420102488,"",3.11762207032953e-08,"",-0.000176569968959081,"",0.000419265947868863,""
"sundvall2023_s5",22,44,69,304,-0.26137420102488,"",3.11762207032953e-08,"",-0.000176569968959081,"",0.000419265947868821,""
"sundvall2023_s5",22,44,69,305,-0.26137420102488,"",3.11762207032953e-08,"",-0.000176569968959081,"",0.000419265947868955,""
"sundvall2023_s5",22,44,69,306,-0.26137420102488,"",3.11762207032953e-08,"",-0.000176569968959081,"",0.000419265947868955,""
"sundvall2023_s5",22,44,69,307,-0.26137420102488,"",3.11762207032953e-08,"",-0.000176569968959081,"",0.00041926594786887,""
"sundvall2023_s5",22,44,69,308,-0.26137420102488,"",3.11762207032953e-08,"",-0.000176569968959081,"",0.00041926594786887,""
"sundvall2023_s5",22,44,69,309,-0.26137420102488,"",3.11762207032953e-08,"",-0.000176569968959081,"",0.00041926594786896,""
"sundvall2023_s5",22,44,69,310,-0.26137420102488,"",3.11762207032953e-08,"",-0.000176569968959081,"",0.000419265947868917,""
"sundvall2023_s5",22,44,69,311,-0.26137420102488,"",3.11762207032953e-08,"",-0.000176569968959081,"",0.000419265947868981,""
"sundvall2023_s5",22,44,69,312,-0.26137420102488,"",3.11762207032953e-08,"",-0.000176569968959081,"",0.000419265947869018,""
"sundvall2023_s5",22,44,69,313,-0.257071206652139,"",1.70913478980903e-08,"",-0.000130735011001555,"",0.000419381899100049,""
"sundvall2023_s5",22,44,69,314,-0.257071206652139,"",1.70913478980903e-08,"",-0.000130735011001555,"",0.000419381899099943,""
"sundvall2023_s5",22,44,69,315,-0.257071206652139,"",1.70913478980903e-08,"",-0.000130735011001555,"",0.000419381899100155,""
"sundvall2023_s5",22,44,69,316,-0.257071206652139,"",1.70913478980903e-08,"",-0.000130735011001555,"",0.000419381899100113,""
"sundvall2023_s5",22,44,69,317,-0.257071206652139,"",1.70913478980903e-08,"",-0.000130735011001555,"",0.000419381899100007,""
"sundvall2023_s5",22,44,69,318,-0.257071206652139,"",1.70913478980903e-08,"",-0.000130735011001555,"",0.000419381899100007,""
"sundvall2023_s5",22,44,69,319,-0.257071206652139,"",1.70913478980903e-08,"",-0.000130735011001555,"",0.000419381899100007,""
"sundvall2023_s5",22,44,69,320,-0.257071206652139,"",1.70913478980903e-08,"",-0.000130735011001555,"",0.000419381899100028,""
"sundvall2023_s5",22,44,69,321,-0.257071206652139,"",1.70913478980903e-08,"",-0.000130735011001555,"",0.000419381899099979,""
"sundvall2023_s5",22,44,69,322,-0.257071206652139,"",1.70913478980903e-08,"",-0.000130735011001555,"",0.000419381899100021,""
"sundvall2023_s5",22,44,69,323,-0.257071206652139,"",1.70913478980903e-08,"",-0.000130735011001555,"",0.000419381899099936,""
"sundvall2023_s5",22,44,69,324,-0.257071206652139,"",1.70913478980903e-08,"",-0.000130735011001555,"",0.000419381899100009,""
"sundvall2023_s5",22,44,69,325,-0.21675118782779,"",8.99183124696471e-08,"",0.000299857580196173,"",0.000420377505640058,""
"sundvall2023_s5",22,44,69,326,-0.21675118782779,"",8.99183124696471e-08,"",0.000299857580196173,"",0.000420377505639993,""
"sundvall2023_s5",22,44,69,327,-0.21675118782779,"",8.99183124696471e-08,"",0.000299857580196173,"",0.000420377505640009,""
"sundvall2023_s5",22,44,69,328,-0.21675118782779,"",8.99183124696471e-08,"",0.000299857580196173,"",0.000420377505639988,""
"sundvall2023_s5",22,44,69,329,-0.21675118782779,"",8.99183124696471e-08,"",0.000299857580196173,"",0.000420377505639972,""
"sundvall2023_s5",22,44,69,330,-0.21675118782779,"",8.99183124696471e-08,"",0.000299857580196173,"",0.000420377505639931,""
"sundvall2023_s5",22,44,69,331,-0.21675118782779,"",8.99183124696471e-08,"",0.000299857580196173,"",0.000420377505639914,""
"sundvall2023_s5",22,44,69,332,-0.21675118782779,"",8.99183124696471e-08,"",0.000299857580196173,"",0.000420377505639898,""
"sundvall2023_s5",22,44,69,333,-0.21675118782779,"",8.99183124696471e-08,"",0.000299857580196173,"",0.000420377505639984,""
"sundvall2023_s5",22,44,69,334,-0.21675118782779,"",8.99183124696471e-08,"",0.000299857580196173,"",0.000420377505639965,""
"sundvall2023_s5",22,44,69,335,-0.21675118782779,"",8.99183124696471e-08,"",0.000299857580196173,"",0.00042037750563987,""
"sundvall2023_s5",22,44,69,336,-0.21675118782779,"",8.99183124696471e-08,"",0.000299857580196173,"",0.000420377505639861,""
"wilson2022_s1",23,45,70,337,0.197908130209423,"",0.000201641799268819,"",0.0142089178063423,"",0.00443579698743277,""
"wilson2022_s1",23,45,70,338,0.104831008065365,"",2.95068100530351e-06,"",-0.00171691052557509,"",0.0044513980614303,""
"wilson2022_s1",23,45,70,339,0.111925020802381,"",2.43326709992149e-07,"",-0.000493085290723105,"",0.00445054388505542,""
"wilson2022_s2",23,46,71,340,0.0900868556165383,"",0.00286837367191779,"",0.053287578419481,"",0.0133905410149855,"TRUE"
"young2019_s1",24,47,72,341,-0.363332377943888,"",0.00845856942812487,"",-0.0917494399564612,"",0.0118460009471781,"TRUE"
"young2019_s1",24,47,73,342,-0.230893212505362,"",0.00282799422181631,"",-0.0529035366405262,"",0.0119333725928371,"TRUE"
"young2019_s2",24,48,74,343,-0.21816678781728,"",0.00261204838128539,"",-0.050826983285548,"",0.0123725548738272,"TRUE"
"young2019_s2",24,48,75,344,-0.161822194091735,"",0.00115510495362332,"",-0.0337743925848653,"",0.0126422294398509,"TRUE"
"young2019_s3",24,49,76,345,-0.132922263821935,"",0.000604724910942483,"",-0.024432269634386,"",0.0126657316075329,"TRUE"
"young2019_s3",24,49,77,346,-0.0687926534807417,"",1.13784391838426e-05,"",-0.00335101056857431,"",0.0126776545377589,"TRUE"
"zhang2022_s1",25,50,78,347,0.196292732260644,"",0.00471829370132954,"",0.0685275262030078,"",0.00999981583460742,"TRUE"
"zhang2023_s1",26,51,79,348,-2.10527041460996,"TRUE",0.00165288033313738,"",-0.0415347440681272,"",0.00183815648830214,""
"zhang2023_s1",26,51,79,349,-2.15125304610275,"TRUE",0.00174336227303225,"",-0.0426796252767144,"",0.0018096659565114,""
"zhang2023_s1",26,51,79,350,-0.782582219667463,"TRUE",0.000326263184049926,"",0.0178722989501456,"",0.00265340315708609,""
"zhang2023_s1",26,51,79,351,-0.508925006335165,"",0.0013034031970934,"",0.0353346037350267,"",0.00276695110002327,""
"zhang2023_s1",26,51,79,352,-1.64858839464931,"TRUE",0.000704248264893211,"",-0.0269178000733563,"",0.00213216974286916,""
"zhang2023_s1",26,51,79,353,-0.569972377351199,"TRUE",0.00102351687311462,"",0.0313909782617601,"",0.00274505981743669,""
"zhang2023_s2",26,52,80,354,0.722909486802127,"TRUE",0.000187154091894015,"",0.0137209246262857,"",0.00263779131895071,""
"zhang2023_s2",26,52,80,355,0.162581904282686,"",0.00201201279440821,"",-0.0443726610672624,"",0.00280085010368605,""
"zhang2023_s2",26,52,80,356,-1.60053294563976,"TRUE",0.0287759826559857,"",-0.162127395156778,"",0.00212852317318569,""
"zhang2023_s2",26,52,80,357,2.01678088709366,"TRUE",0.00849705566695798,"",0.0939014159594583,"",0.00186293864169029,""
"zhang2023_s2",26,52,80,358,1.69177517099874,"TRUE",0.00650222031960419,"",0.081973825197408,"",0.00206965767843703,""
"zhang2023_s2",26,52,80,359,1.10048401967069,"TRUE",0.00211253209359113,"",0.0464141839516303,"",0.00244063364690228,""
"zhang2023_s3",26,53,81,360,-0.88434437346713,"TRUE",0.000277892023180624,"",-0.0167262283494688,"",0.00191284601702621,""
"zhang2023_s3",26,53,81,361,-2.06684077296847,"TRUE",0.00277591314257755,"",-0.053187574057651,"",0.00136888605304987,""
"zhang2023_s3",26,53,81,362,0.946007398731526,"TRUE",0.00495482601475037,"",0.0690725606207689,"",0.00188857450297591,""
"zhang2023_s3",26,53,81,363,-0.994933015297839,"TRUE",0.000467846520594915,"",-0.0217230974609663,"",0.00186862517950476,""
"zhang2023_s3",26,53,81,364,-4.15629993212653,"TRUE",0.00335942978424633,"",-0.0585561381681863,"",0.000664642989994427,""
"zhang2023_s3",26,53,81,365,0.768747659517838,"TRUE",0.00419039078280679,"",0.0636342504976264,"",0.00195539411789014,""
"zhang2023_s3",26,53,81,366,1.62124270538493,"TRUE",0.00690233081609827,"",0.0811868141892244,"",0.00158054776714804,""
"zhang2023_s3",26,53,81,367,-1.99826044544723,"TRUE",0.00265948548872964,"",-0.0520517324489271,"",0.00140070668211191,""
"zhang2023_s3",26,53,81,368,-1.2310313028634,"TRUE",0.000969970601807595,"",-0.0313324263963016,"",0.00176541929859359,""
